Metric,Discrete Graded,Discrete p,Interpolated Graded,Interpolated p,Condition × Timepoint,Interaction p,n_participants,n_obs
Angular Deviation (degrees),-0.5896486607332063,0.19494040249194244,-0.9583524085005904,0.03515690928642767,-0.3687037477673841,0.5665966826058672,22,132
Depth Error (cm),-0.29298244813333046,0.46091544671452944,-1.2077909410345367,0.0023688327398565523,-0.9148084929012062,0.1035351065862026,22,132
